model,dataset,topic_id,doc_id,doc_text_short
Top2Vec,Wiki:clean_text,0,24799,"גאי גבריאל קיי באנגלית נולד ב בנובמבר הוא סופר פנטזיה קנדי יהודי, הידוע בכך שהעולמות הבדיוניים שהוא יוצר מבוססים על מקומות אמיתיים במהלך תקופות היסטוריות אמיתיות, כמו קונסטנטינופול במהלך שלטונו של יוסטיניאנוס הראשון או ספרד בימי אל סיד. כתיבתו היא דוגמה לסוגת הפנטזיה ההיסטורית, אם כי קיי עצמו מעדיף להימנע מקטגוריזציה של עבודותיו. נכון ל , קיי פרסם רומנים וספר שירה, וספריו תורגמו למעלה מ שפות. קורו"
Top2Vec,Wiki:clean_text,0,15301,"שמאל האיחוד הגדול הדגל האמריקני הראשון עם דגל הממלכה המאוחדת בקנטון שלוש עשרה המושבות באנגלית הוא שמן הקיבוצי של קולוניות בריטיות בצפון אמריקה, אשר לכל אחת מהן היה שלטון עצמי בכל מושבה מינה המונרך הבריטי מושל ולצדו פקידים, אך לצדו גם המתיישבים השתתפו בשלטון, בעיקר בהחלטות שנוגעות למיסוי, לגיוס לצבא ולעניינים משפטיים. במהלך השנים נוצרה במושבות תרבות חדשה, ששילבה תרבות בריטית ואירופאית, וכן אלמנטים "
Top2Vec,Wiki:clean_text,0,22539,"שמאל בבל מאת פיטר ברויגל האב. אחד מהשיאים של סגנון הרנסאנס הצפוני שבולטת בו הגרנדיוזיות והדרמטיות. מִגְדַּל בָּבֶל, או בכינויו הרווח בספרות הרבנית מעשה דור הפַּלָּגָה, הוא סיפור מקראי המופיע בסוף פרשת נח שבספר בראשית, לאחר סיפור המבול. לפי המסופר, בשחר האנושות התיישבו בני האדם בארץ שנער דרום מזרח מסופוטמיה , הקימו שם עיר ובנו בה מגדל גבוה. אלוהים לא ראה בעין יפה את בניית העיר והמגדל, בלבל את שפתם "
Top2Vec,Wiki:clean_text,1,9801,"אפור הוא צבע נפוץ בטבע. הוא נוצר על ידי ערבוב חומרים לבנים ושחורים או על ידי שילוב אורות אדומים, ירוקים וכחולים, בפרופורציות שוות. העין האנושית רואה לעיתים עצמים בצבעים מגוונים כאפורים, בשל תנאי התאורה. המילה העברית אפור , היא תואר שם, שהוא גיזרון, של שם העצם, אֵפֶר . שימוש ומשמעות מינסק ונהר סוויסלץ בבלארוס חיים אפורים מציינים חיים משעממים, ללא מטרה או תועלת. אפור היה צבע מדי חיילי קונפדרציית המד"
Top2Vec,Wiki:clean_text,1,12978,"הסיגלית הם סגולים. סאטן סגול בצבע סגול סָגול הוא הצבע שמתקבל בצפייה באור באורכי הגל הקצרים ביותר בתחום הנראה, בערך בין ל ננומטר, עם תדירות בין ל טרה הרץ אורכי גל קצרים יותר נקראים על סגול או אולטרה סגול . בצבע זה ניתן לחזות בזמן צפייה בקשת בענן זהו הצבע בקצה הקשת, מעבר לכחול. כאשר אור לבן עובר נפיצה דרך מנסרה, הסגול הוא הצבע הנראה הרחוק ביותר מכיוון האלומה המקורי. ערבוב של אור אדום ואור כחול ביחסי"
Top2Vec,Wiki:clean_text,1,12982,"שמאל ורד שמאל לבוש ורוד בזרועות המדונה, דון לורנצו מונקו , השיוך של הצבע הוורוד לבנות קיים בתרבות רק מהעת המודרנית שמאל כנסיית פטרוס הקדוש, או הכנסייה הרוסית, בשכונת אבו כביר בדרום תל אביב, הבנויה מלבנים בגוון ורוד ורוד הוא הכינוי לצבע המתקבל מערבוב של הצבעים אדום ולבן ולעיתים מתואר גם כגוון בהיר של אדום. ככל שהוא מכיל יותר אדום, יתקבל צבע ורוד חם יותר, בעוד עירובו עם מינון גבוה של לבן יבהיר אותו "
Top2Vec,Wiki:clean_text,2,7698,"שמאל פורטוגל מתנוסס על אחד ממגדלי טירת סאו ז ורז ה דגל פורטוגל הוא מלבן ביחס של בצבעים ירוק ואדום, המחולק אנכית לחלק ירוק בצד התורן מאורך הדגל ואדום בצד השני . במרכז קו החלוקה נמצא סמל המורכב מהספירה הארמילרית שבה מגן פורטוגלי מסורתי. הדגל אומץ רשמית ב ביוני , אך היה בשימוש מאז המהפכה הרפובליקאית של באוקטובר . משמעות הדגל לדגל יש משמעויות רבות. במהלך האסטדו נובו, תקופת המשטר הלאומני שנמשכה משנת עד"
Top2Vec,Wiki:clean_text,2,8115,"דגל בלארוס אומץ ב ביוני ואושר במשאל עם, כאשר הוא מחליף עיצוב קודם ששימש מאז קבלת העצמאות מברית המועצות. הדגל החדש דומה לזה שהיה בשימוש כאשר בלארוס הייתה חלק מברית המועצות, בהשמטת הפטיש והמגל. הדוגמה הדקורטיבית בצד שמאל של הדגל היא דוגמה בלארוסית מסורתית, והצבע האדום אמור לסמל את דמם של מגיני בלארוס. הירוק מסמל את היערות שבמדינה. הדגל הקודם של בלארוס בין השנים הוא לבן אדום לבן עיצוב של קלאודזי דוז "
Top2Vec,Wiki:clean_text,2,6518,"דגל אירלנד באירית באנגלית הוא דגלה של הרפובליקה של אירלנד. זהו טריקולור אנכי בצבעי ירוק, לבן וכתום ביחס אורך גובה של . אף על פי שאין לדגל סמליות רשמית, על פי המסורת הצבע הירוק מסמל את המסורת הלאומית האירית, הכתום את תומכיו של ויליאם, נסיך אורנז והלבן את השלום ואת הדו קיום ביניהם. הדגל, שהובא לאירלנד ב בעת מרד אירלנד הצעירה, הפך לסמל לאומי עת הונף בשנת על גגו של בית הדואר המרכזי של דבלין בעת מרידת "
Top2Vec,Wiki:clean_text,3,18629,"ג נרל מוטורס באנגלית , ובקיצור היא יצרנית רכב בינלאומית שבסיסה בארצות הברית. החברה נוסדה בשנת על ידי ויליאם דוראנט. המותגים הבולטים שבבעלות החברה הם, בין היתר, ביואיק, קאדילק, שברולט, ו . חטיבת אולדסמוביל פורקה בשנת , חטיבת פונטיאק פורקה בשנת . חלק ממותגי החברה נמכרו או נמצאים בתהליך של מכירה, במסגרת הליכי פירוק. ביוני הגישה ג נרל מוטורס בקשה להליך פירוק צ פטר לאחר שחובותיה הגיעו לסך של כ מיליארד "
Top2Vec,Wiki:clean_text,3,18789,"הקודם קאדילק באנגלית הוא מותג מכוניות היוקרה של יצרנית הרכב האמריקנית ג נרל מוטורס. מכוניות המותג מיוצרות בעיקר עבור השוק האמריקני. היסטוריה חברת קאדילק הוקמה ב באוגוסט , על ידי שני משקיעים שתמכו בעסקיו של הנרי פורד ויליאם מרפי ולמואל בואן, והמהנדס הנרי לילנד. החברה נקראה על שמו של מייסד העיר דטרויט שבמדינת מישיגן, חוקר הארצות הצרפתי בן המאה ה , אנטואן דה לה מוט קאדיאק . המכונית הראשונה הוצגה ב בא"
Top2Vec,Wiki:clean_text,3,13933,"שמאל פאביה דור שני שמאל סופרב דור שני שמאל רומסטר סקודה אוטו מצ כית היא יצרנית רכב גדולה בצ כיה. מאז היא חלק מקבוצת פולקסווגן. ההגייה הנכונה של שם החברה היא שקודה, אך ההגייה סקודה מקובלת ברוב הארצות דוברות האנגלית ובישראל. היסטוריה בשנת יסדו בבוהמיה ואצלב לורין וואצלב קלמנט את חברת לורין את קלמנט לייצור אופניים. ב הם יצרו גם אופנועים והחל משנת מכוניות. הדגם הראשון של מכונית מתוצרתם, הווטורט , הצלי"
Top2Vec,Wiki:clean_text,4,6758,"כ היא האות ה באלפבית העברי. האות קרויה כ ף כָּף . הגייה מבחינה פונולוגית כ דגושה מייצגת עיצור וילוני, סותם, אטום אלפבית פונטי בין לאומי , וכ רפה מייצגת עיצור ענבלי, חוכך, אטום אלפבית פונטי בין לאומי ומזדהה עם הגיית חי ת מודרנית. בהתאם לחלוקת אותיות האלפבית העברי לחמשת מוצאי הפה, כ נמנית עם ארבע האותיות החכיות גיכ ק. כ היא אחת משש האותיות בג ד כפ ת, המקבלות דגש קל בראש מילה ולאחר שווא נח. ייצוג כ ה"
Top2Vec,Wiki:clean_text,4,7058,"ט היא האות התשיעית באלפבית העברי, ושמה טי ת טֵית . הגיית האות ט בהתאם לחלוקת אותיות האלפבית העברי לחמשת מוצאי הפה, ט נמנית עם חמש האותיות הלשוניות דטלנ ת. מבחינה פונולוגית ייצגה האות ט במקור עיצור מכתשי מלועלע, סותם, אטום . עיצור זה הוא עיצור נחצי, כמו טא הערבית. בפי דוברי העברית החדשה, היא מבוטאת כעיצור מכתשי, סותם, אטום , כמו הגיית האות ת . ייצוג האות ט פרוטו כנעניפיניקיארמיט טֵת גלגל באלפבית הפ"
Top2Vec,Wiki:clean_text,4,6772,"ז היא האות השביעית באלפבית העברי ושמה זי ן זַיִן . בפי יהודי תימן נקראת האות זאן. הגייה בהתאם לחלוקת אותיות האלפבית העברי לחמשת מוצאי הפה, ז נמנית עם חמש האותיות השיניות זסשר צ. מבחינה פונולוגית האות ז מייצגת עיצור מכתשי, חוכך שורק, קולי . זי ן גרושה מייצגת עיצור בתר מכתשי, חוכך שורק, קולי , והגייתה היא כשל בצרפתית, כמו בשם ז בוטינסקי. כך גם הגייתה בפי יהודי צפון אפריקה ותימן כאשר היא מודגשת. בפעל"
Top2Vec,Wiki:clean_text,5,18864,"עיצורים מקישים הם עיצורים המופקים תוך התכווצות שרירים יחידה כך שאיבר חיתוך אחד מושלך כנגד איבר חיתוך אחר. ההבדל בין עיצורים מקישים לעיצורים סותמים הוא בכך שאין תהליך של בניית לחץ אוויר מאחורי בסיס החיתוך. העיצור המקיש הצדי יחסית נפוץ אף שאוזן אירופאית עשויה שלא לקלוט אותו, כגון ביפנית ובשפות אחרות בהן אין הבחנה בין עיצורי רי ש ולמ ד, קיים העיצור המקיש הצדי. בנוסף, בשפות בהן אין הבחנה בין עיצורים צ"
Top2Vec,Wiki:clean_text,5,18639,"עיצורים מחוּכָּכים הם עיצורים המופקים באמצעות חסימת זרם האוויר בחלל הפה, ושחרורו האיטי תוך הפקת צליל חיכוך, אלו הם למעשה שני עיצורים הנהגים כעיצור אחד כאשר הראשון סותם והשני חוכך. ישנה הבחנה בין רצף של עיצור סותם וחוכך לבין עיצור מחוכך בכך שברצף העיצורים סותם חוכך ישנו שחרור אוויר עם הגיית הסותם ואילו בעיצור מחוכך החלק הסותם חסר שחרור אוויר בפני עצמו, לדוגמה תשואה, צואה. כאשר מופיעים בטבלה שני עיצ"
Top2Vec,Wiki:clean_text,5,18842,"עיצורים מסודקים הם עיצורים סותמים לא ריאתיים שבמהלך הגייתם זרם האוויר מווסת באמצעות פיקת הגרון ולא באמצעות הריאות. עיצורים מסודקים הם לרוב גרסאות לא ריאתיות של עיצורים סותמים אטומים או עיצורים חוככים אטומים. העיצור המסודק הנפוץ ביותר הוא הווילוני. ניתן להבחין בכמה שלבים בהגיית העיצורים המסודקים בשלב הראשון יורדת פיקת הגרון ומאפשרת לאוויר לחדור לחלל הפה, בשלב השני נסתם בסיס החיתוך, בשלב השלישי עולה"
Top2Vec,Wiki:clean_text,6,22851,"בערך זה מצוינים אירועים בולטים שהתרחשו במהלך שנת ונוגעים לעולם הקולנוע. אירועים סרטים שוברי קופות אהבה בשחקים , בכיכובו של טום קרוז קרוקודיל דנדי פלאטון , בכיכובם של וילם דפו, צ ארלי שין וג וני דפ קראטה קיד מסע בין כוכבים השיבה הביתה בחזרה ללימודים , בכיכובו של רודני דיינג רפילד שובו של הנוסע השמיני , בכיכובה של סיגורני ויבר ילד הזהב , בכיכובו של אדי מרפי חטיפה נעימה שמתי ברז למורה , בכיכובו של מת"
Top2Vec,Wiki:clean_text,6,22905,"בערך זה מצוינים אירועים בולטים שהתרחשו במהלך שנת ונוגעים לעולם הקולנוע. סרטים שוברי קופות מלחמת הכוכבים שובו של הג דיי פלאשדאנס משנה מקום משנה מזל , בכיכובם של דן אקרויד ואדי מרפי משחקי מלחמה , בכיכובו של מתיו ברודריק טוטסי אוקטופוסי מסדרת סרטי ג יימס בונד מיסטר אמא , בכיכובו של מייקל קיטון להישאר בחיים שעשועים מסוכנים נסיעה נעימה, המפתחות בפנים , בכיכובו של צ בי צייס סופרמן , בכיכובו של כריסטופר "
Top2Vec,Wiki:clean_text,6,22870,"בערך זה מצוינים אירועים בולטים שהתרחשו במהלך שנת ונוגעים לעולם הקולנוע. אירועים מייקל אייזנר מתמנה לנשיא חברת וולט דיסני סרטים שוברי קופות מכסחי השדים , בכיכובם של דן אקרויד וביל מארי השוטר מבוורלי הילס , בכיכובו של אדי מרפי אינדיאנה ג ונס והמקדש הארור , בכיכובו של האריסון פורד גרמלינס קראטה קיד תרגיל לשוטרים מתחילים פוטלוס , בכיכובו של קווין בייקון בעקבות האוצר הרומנטי גשם סגול , בכיכובו של פרינס"
Top2Vec,Wiki:clean_text,7,3107,"מדליית פילדס באנגלית היא אחד משני הפרסים הבין לאומיים היוקרתיים ביותר במתמטיקה. הפרס מוענק אחת לארבע שנים לעד ארבעה מתמטיקאים מתחת לגיל ארבעים, ונועד לתת הערכה ועידוד למתמטיקאים צעירים שהגיעו להישגים יוצאי דופן. הענקת הפרס נעשית במסגרת הקונגרס הבין לאומי של המתמטיקאים. הפרס קרוי על שמו של המתמטיקאי הקנדי , יוזם הפרס. עד להשקת פרס אבל תוארה המדליה כמקבילה המתמטית לפרס נובל, שאינו מוענק בתחום זה. יו"
Top2Vec,Wiki:clean_text,7,339,"פרס טיורינג באנגלית . . הוא פרס בין־לאומי בתחום מדעי המחשב. הוא ניתן על ידי ה־ , בגין הישג יוצא דופן בתחום מדעי המחשב. בתחום זה שקול הפרס מבחינת יוקרתו לפרס נובל, שאינו מוענק בתחומי המתמטיקה ומדעי המחשב. הפרס קרוי על שמו של אלן טיורינג, מתמטיקאי בריטי שנחשב לאבי מדעי המחשב התאורטיים והבינה המלאכותית. הפרס ניתן מדי שנה, החל משנת . משנת חולק לזוכים פרס כספי של , דולר שמומן על ידי החברות אינטל וגוגל."
Top2Vec,Wiki:clean_text,7,2684,"פרס נובל לפיזיולוגיה או לרפואה מוענק מדי שנה, החל משנת , לאנשים אשר תרמו תרומה ייחודית או ביצעו מחקר יוצא דופן בתחום הפיזיולוגיה או הרפואה. הפרס מוענק על ידי מכון קרולינסקה השוודי. בין השנים הוענקו פרסי נובל לפיזיולוגיה או לרפואה. הפרס הוענק ל זוכים מתוכם נשים . ו יהודים . סכום הפרס לשנת נקבע על מיליון קרונות שוודיות . מיליון דולר לפרס נובל מלא. ברברה מקלינטוק היא האישה היחידה שקיבלה פרס נובל מלא "
Top2Vec,Wiki:clean_text,8,7195,בערך זה מצוינים אירועים בולטים שהתרחשו במהלך שנת ונוגעים לתחום הספרות. אירועים בולטים ספרים חדשים נבחרים סיפורת שבט דוב המערות מאת ג ין מ. אואל צבע הכשף מאת טרי פראצ ט רובוטים של שחר מאת אייזק אסימוב ספרי אימה בית כברות לחיות שעשועים מאת סטיבן קינג כריסטין מאת סטיבן קינג נולדו ג ייסון ריינולדס סופר אמריקאי של רומנים ושירה לנוער. פרסים פרס פוליצר לספרות הצבע ארגמן מאת אליס ווקר שהוסרט בשם זהה על יד
Top2Vec,Wiki:clean_text,8,7185,"בערך זה מצוינים אירועים בולטים שהתרחשו במהלך שנת ונוגעים לתחום הספרות. אירועים בולטים ספרים חדשים נבחרים סיפורת נקודת ההונאה מאת דן בראון אלים אמריקאים מאת ניל גיימן פנטזיה בית שחור מאת סטיבן קינג קרטר מנצח את השטן מאת גלן דייוויד גולד אימה לוכד החלומות מאת סטיבן קינג ספרות בלשית אפילה כהה מלילה מסדרת הארי בוש , מאת מייקל קונלי החידה השישית מסדרת ג וש שירמן , מאת יאיר לפיד צלה של הרוח מאת קרלוס רו"
Top2Vec,Wiki:clean_text,8,7194,בערך זה מצוינים אירועים בולטים שהתרחשו במהלך שנת ונוגעים לתחום הספרות. אירועים בולטים ספרים חדשים נבחרים סיפורת ספרי מדע בדיוני היו שלום ותודה על הדגים מאת דאגלס אדמס נוירומנסר מאת ויליאם גיבסון כופרי חולית מאת פרנק הרברט ספרי פנטזיה עיני דרקון מאת סטיבן קינג הקמיע מאת סטיבן קינג ספרי מתח רזה מאת סטיבן קינג תחת שם העט ריצ רד באקמן המרדף אחר אוקטובר האדום מאת טום קלנסי ספרי ילדים ונוער המלחמה האיומ
Top2Vec,Wiki:clean_text,9,12260,"אובורחאנגאי במונגולית , הוא אחד מ האיימאגים מחוזות של מונגוליה. פירוש השם חאנגאי התחתונה . האיימאג ממוקם בדרום המדינה ובירתו היא ארבאיחר. העיר חרחורין, שנקראה בעבר קארקורום והייתה בירת האימפריה המונגולית, נמצאת בסום באותו שם במחוז זה. סומים תת מחוזות ארבאיחר ברונביין אולן בט אולזי ביינגול ביין אונדור בוגד בורד גוצ ין אוס חרחורין חיירחנדולן חוג ירט נרינטל אולזיט סנט טרגט טוגרוג אויינגה יוסונזויל זו"
Top2Vec,Wiki:clean_text,9,12053,גובי אלטאי במונגולית הוא השני בגודלו מבין האיימאגים מחוזות של מונגוליה רק מחוז אומנוגובי גדול ממנו. האיימאג ממוקם במערב המדינה ובירתו היא אלטאי. סומים תת מחוזות אלטאי ביין אול ביגר בוגט צ נדמני דריב דלגר ארדנה חריון חוחמוריט ג רגלן שרגה טאישיר טוגרוג טונחיל צל צוגט יוסונבולג קישורים חיצוניים ערים בגובי אלטאי מפות ונתונים קטגוריה מונגוליה מחוזות קטגוריה מדינות וטריטוריות שהוקמו ב
Top2Vec,Wiki:clean_text,9,12046,דורנוגובי במונגולית הוא אחד מ האיימאגים מחוזות של מונגוליה. האיימאג ממוקם במזרח מדבר גובי ומכאן פירוש שמו מזרח גובי . בירת דורנוגובי היא סיינשנד. סומים תת מחוזות אלטנשירה אייראג דלנג רגלן דלגרח ארדנה חטנבולג חובסגול איחוט מנדח אורגון סייחנדולן סיינשנד אולנבדרח זמין אוד קישורים חיצוניים ערים בדורנוגובי מפות ונתונים קטגוריה מונגוליה מחוזות
Top2Vec,Wiki:clean_text,10,2534,אירועים בולטים בעולם שמאל סירס הופך למבנה הגבוה ביותר בעולם לאחר שנפתח באופן רשמי ב במאי שמאל מגוון תמונות ממלחמת יום הכיפורים נולדו שמאל אביתר בנאי שמאל קובי מחט שמאל ליאור כלפון שמאל אביב גפן שמאל אורלי לוי אבקסיס שמאל אריק בנדו שמאל ראיין גיגס שמאל שלומי סרנגה שמאל דניאל סלומון נפטרו שמאל יעקב דורי שמאל פבלו פיקאסו פיקסלים ורוניקה לייק פיקסלים ולטר אולבריכט טקסט פיקסלים דוד בן גוריון לוח שנה קי
Top2Vec,Wiki:clean_text,10,2516,אירועים נולדו פיקסלים מאיר אריאל שמאל סטיבן הוקינג שמאל מוחמד עלי שמאל אאוזביו שמאל אהוד ברק שמאל גאולה נוני שמאל האריסון פורד שמאל ג ימי הנדריקס שמאל יורם ארבל פרנקלין שמאל פול מקרטני פיקסלים ג ו ביידן נפטרו שמאל אדית שטיין שמאל יאנוש קורצ אק שמאל אברהם שטרן יאיר שמאל פנחס רוטנברג לוח שנה קישורים חיצוניים
Top2Vec,Wiki:clean_text,10,2518,"אלפרד יודל חותם על כניעת גרמניה הנאצית הטלת פצצה גרעינית על הירושימה ונגסאקי, אוגוסט אירועים נולדו שמאל בוב מארלי שמאל יענקל ה רוטבליט שמאל עמי אילון שמאל אהוד אולמרט שמאל משה קצב נפטרו מרץ לא ידוע תאריך מדויק אנה פרנק נרצחת במחנה ברגן בלזן לוח שנה קישורים חיצוניים"
Top2Vec,Wiki:lemma_text,0,8165,רובה חיידק פלדה גורל חברה אדם אנגלית ספר שנה ארד דיימונד פרופסור פיזיולוגיה התמחה חקר אבולוציה ציפור גינאה חדש ספר מנסה עינה שאלה מדוע אירופי אסייתי פיתח טכנולוגיה התקדם מוקדם חלק עולם עינה שאלה סוקר דיימונד היסטוריה אנושי שנה אחרון תווך דגש אזור השפעה התפתחות אוכלוסייה מקום דבר הבדל התפתחות יבשה נובע עליונות מקור תבונה עדיף צירוף גורם ביות מוקדם בעל חי צמח התאפשר
Top2Vec,Wiki:lemma_text,0,22105,אן פיר אנטואן דה מונה אביר דה צרפתית אוגוסט דצמבר חוקר טבע צרפתי בולט מאה ידוע מפתח תורה התפתחות מובן שונה מושג אבולוציה מוכר יום ראשון השתמש מושג ביולוגיה הובן מודרני ביוגרפיה אן דה נולד אוגוסט כפר פטי צפון צרפת צעיר אח נצר משפחה בעלה מסורת צבאי ארוך שנה אח בכור נהרג קרב שנה אח נוסף עדיין מהלך שירות צבאי שנה עשרה חי שנה גיל
Top2Vec,Wiki:lemma_text,0,7005,נחשב אב מודרני מדע עוסק רעל היווצרות השפעה מדע תחומי בעל קשר הדוק ביולוגיה ביוכימיה רפואה היסטוריה חיבור קדום הוקדש אופן שיטה חקר רעל צומח חי ריבה סיווג זיהוי טיפול אחד חלק מרכזי חיבור בסנסקריט נכתב מאה ספירה אולי חלק כבר לפנה חיבור השפיע מסורה רפואי רב נכתב בסנסקריט תורגם ערבית שפה נוסף תרגום הגיע רעיון דרום מזרח מזרח תיכון טיבט סוף אירופה רופא יווני פעל חצר קיסר רומי
Top2Vec,Wiki:lemma_text,1,8292,יפנית אומנות לחימה יפני מודרני בודו ספורט לחימה עוסק לוחמה התפתח מגוון שיטה לחימה יפני מסורתי קורה עסק לוחמה חרב מהלך מאה שמונה עשרה עשרה בית ספר וטסו שנה הוגדר רעיון מאחורי חינך רוח אנושי יד יישום עיקרון כאן משמעת עצמי זמן טכניקה לחימה וטסו נלמד חרב עשוי במבוק חצוי נקרא הגן גוף ראש עוסק נקרא השתמש חרב עץ בוק חרב מתכת ארוך קצר
Top2Vec,Wiki:lemma_text,1,4100,סיכון שם מקורי ריסק משחק לוח מבוסס תור יועד שניים שישה השתתף משחק מתרחש מפה עולם מחולק ארבעה שניים חלק נקרא טריטוריה מדינה תואם חלוקה מדיני עולם שחקן שולט טריטוריה מסוים נלחם בעזרת צבא קיבל מהלך משחק שחקן מטרה שחקן כיבוש עולם השלמה משימה קיבל תחילה משחק קרב מתבצע יד הטלה קובייה משחק שווק ישראל גרסה עברי שם סיכון מותג משחק קודקוד רקע משחק הומצא שנה יד במאי צרפתי אלבר מוראלס להיות יוצר החיל תקופה בע
Top2Vec,Wiki:lemma_text,1,1955,הגנה שייך סוג פתיחה שחמט רגל מלך שחור הגיב צורה ישיר עקיף סוג פתיחה משחק חצי פתוח כלול הגנה קארו קאן הגנה הגנה צרפתי הגנה נקרא שם אלוף עולם אלכסנדר תחרות בינלאומי בודפשט שנה השתמש הצלחה פתיחה שימוש כבר סוף שנה מאה שנה יד אהרון בא יד ביטוי אמור תחרות הצליח שילב טקטיקה הגנה רעיון אסטרטגי יצא סגנון מסורתי
Top2Vec,Wiki:lemma_text,2,17112,אלגוריתם פורד אלגוריתם הפועל גרף מכוון משמש מציאה מסלול קל צומת אחד אחד צומת גרף אלגוריתם השיג תוצאה אלגוריתם אלגוריתם עובד גרף הכיל קשת בעלה משקל שלילי יתר גרף הכיל מעגל סכום משקל קשת שלילי גורם תשובה הוגדר שאלה מסלול קוצר מסוגל זיהה התריע גרף בעל צומת קשת זמן ריצה אלגוריתם זמן ארוך אלגוריתם תיאור אינטואיטיבי אלגוריתם השתמש טכניקה מכונה קל מתבסס
Top2Vec,Wiki:lemma_text,2,17207,סדר סריקה קודקוד חיפוש רוחב אלגוריתם חיפוש רוחב אנגלי ראש תיבה אלגוריתם משמש צומת גרף משל צורך חיפוש צומת מקיים תכונה מסוים גרף להיות מכוון מכוון צומת כלשהו גרף נקבע להיות צומת התחלתי אלגוריתם עובר צומת מרחק צלע אחד צומת מרחק הלאה צורה חיפוש חיפוש רוחב גרף חיפוש עומק גרף חיפוש רוחב גרף מכוון סורק גרף צורה מבטיח צומת נמצא רכיב קשירה צומת התחלתי נבדק סריקה נעשה זמן לינארי קשת
Top2Vec,Wiki:lemma_text,2,5902,מעגל קשת פרש מסלול סגור דוגמה גרף רשת תורה גרף מסלול מסלול גרף מכוון בל מכוון עובר צומת בדיוק פעם אחד מעגל מסלול גרף עובר צומת פעם אחד פרט צומת הוציא עובר בו בדיוק פעם התחלה סוף מונח קרוי שם ויליאם רואן המילטון מתמטיקאי אירי המציא משחק מציאה מעגל גרף שעשוע מתמטי קשור מסלול מעגל חידה מסע פרש שחמט נמצא מסלול גרף פרש בעיה
Top2Vec,Wiki:lemma_text,3,15636,בן עבד עזיז אאל סעוד ערבי מרץ אוגוסט יליד ריאד כיהן החיל יולי מוות מלך חמישה ערב סעודי ראש ממשלה מנהיג עשרה בית סעוד ביוגרפיה בן אחד עשרה מייסד ממלכה עבד עזיז אבן סעוד ראשון בן אישה שביעית חסה בנת אחמד שישה אח נוסף ביניים סלמאן מלך ערב סעודי נסיך סולטאן שר הגנה סגן שני ראש ממשלה נאיף שר פנים נמנה אח משפיע מסדר בית מלוכה ארך היסטוריה מודרני ערב
Top2Vec,Wiki:lemma_text,3,15599,אלד בן עבד עזיז בן עבד ערבי יוני מלך רביעי ערב סעודי שנה מנהיג עשרה בית סעוד אלד עלה שלטון התנקשות חי אח חצי מלך נבחר יורש שנה פה אח מבוגר לפיכך אמור קיבל כתר סירוב אח בכור מוחמד בן עבד עזיז הקנה מלוכה מלכות עניין פנים מחונן ניסיון שלטוני רב שימש מושל חג שנה שר פנים ממלכה החיל אלד
Top2Vec,Wiki:lemma_text,3,6546,פייסל מימן חי ויצמן צולם שנה פייסל ראשון מלך עיראק חיפה פייסל אבן חוסיין ספטמבר ערבית העתיק אבן חסין זמן קצר מלך ממלכה ערבי סוריה שנה מלך עיראק שנה בן שושלת חי פייסל נולד יום ערב סעודי בן שלושה חוסיין בן עלה יום שריף גדול מכה שנה משפחה איסטנבול נקרא אב יד סולטאן שנה נבחר נציג עיר דה פרלמנט מאני פרוץ מלחמה עולם
Top2Vec,Wiki:lemma_text,4,11776,הודי עונד צמיד ירוק יד שק אפונה ירוק אילנית אוסטרלי לבן ירוק צבע מתקבל יד אור תחום אורך גל קורב ננומטר תדירות מקורב טרה הרץ ספקטרום עין רגישות תא קולט אור הסתגלות חשכה עקומה אורך גל ננומטר קירוב מתאים צבע כחול ירוק הסתגלות תנאי אור עקומה שיא רגישות אורך גל ננומטר מתאים ירוק צהבהב צבע ירוק נחשב אחד צבע יסוד חיבורי אדום כחול תערובת צבע מתקבל ירוק יד ערבוב צבען צהוב מילה
Top2Vec,Wiki:lemma_text,4,12980,צבע חום שם כולל גוון כהה כתום מתקבל ערבוב צבע יסוד כחול צהוב אדום שונה צבע ספקטרום נתן קיבל צבע חום אור שילוב מקור אור החזרה משטח צבע מתאים מונח חום מתייחס גוון ארוך אורך גל אור צהוב כתום אדום שילוב בהירות רוויה נמוך חום צבע בעל מגוון גוון רחב ספקטרום חום אדום חום צהבהב חום כהה חום בהיר דוב חום שיחק מים בוצי איכר בגד חום תמונה שודד קן שימוש סמליות ביטוי צבע חום טבע צבע נפוץ צבע עין
Top2Vec,Wiki:lemma_text,4,9801,אפור צבע נפוץ טבע נוצר יד ערבוב חומר לבן שחור יד שילוב אור אדום ירוק כחול שווה עין אנושי עצם צבע מגוון ציפור תנאי תאורה מילה עברי אפור תואר שם שם עצם אפר שימוש משמעות מינסק נהר בלארוס חי אפור ציין חי שעמם מטרה תועלת אפור צבע מד חייל מדינה אמריקה מהלך מלחמה אזרח אמריקאי כחול צבע מד חייל צפון אפור גוון אפור שימש ביטוי מנעד נקודה קיצון ניגוד חד שחור לבן חי
Top2Vec,Wiki:lemma_text,5,18302,קיי אלבני מועדון ספורט עיר בירה אלבניה כולל מועדון כדורגל גבר גדול מדינה מועדון ספורט ענף נוסף מועדון נוסד שנה נחשב מועדון זוכה מרוצה שנה תואר אליפות אצטדיון ביתי קבוצה נקרא סלמן הכיל מקום אס קיי שיחק רב יחסי עונה מפעל שונה אירופה הופעה בכורה גביע אירופה קבוצה ליגה אלופה יום עונה הפסיד קבוצה סקוטי קבוצה שיחק קבוצה ישראלי הפועל באר גביע אופ עונה
Top2Vec,Wiki:lemma_text,5,11670,סר רוברט בובי רלטון אנגלית אוקטובר אוקטובר כדורגלן אנגלי שיחק עמדה קשר התקפי נחשב אחד גדול שחקן ארץ רלטון זוהה עקר סטר יונייטד מועדון בו גדל קריירה שרד אסון אווירי מין שבו נספה רב שחקן בולט קבוצה הוביל דור הצליח מועדון שנה שותף זכייה שלושה אליפות אנגלייה גביע זכייה ראשון קבוצה אנגלי כלשהו גביע אירופה אלופה נבחר אנגלייה רלטון זכייה גביע עולם כדורגל שנה סגן מלך שער זמן רלטון
Top2Vec,Wiki:lemma_text,5,20029,מועדון כדורגל סיטי אנגלית מועדון כדורגל אנגלי משחק מפיונשיפ קבוצה כדורגל ייצג עיר קינגסטון ההא שיחק אצטדיון מונה מושב מד קבוצה כולל חולצה פס כתום שחור מכנס שחור גרב כתום כאן כינוי נמר עונה רשם מועדון היסטוריה העפיל ראשון תולדה ליגה כדורגל בכיר אנגלייה עיר גדול אירופה עולם נציג ליגה כדורגל לאומי בכיר מיקום שיא שלושה ליגה משנה הגיע סיטי שנה החמיץ עלייה ליגה אנגלי ראשון עלייה פרמייר ליג שנה
Top2Vec,Wiki:lemma_text,6,1526,ראש שנה חג יהודי תורה אחד ראש שנה עברי צוין ספרות חז צוין יום בא הב תשרי פותח עשרה יום תשובה נמשך יום כיפור חג כונה תורה יום תרועה לכן מצווה חג עיקרי תקיעה שופר פה מסורת יהודי יום דין שבו ישראל אלוהים מלך בוחן אדם כותב דין פה חלק דעה אופי יום נגזר היות יום בריאה אדם הלכה נחשב יום יום ראשון שנה מניין שנה מניין שנה שמיטה יובל מניין שנה עץ פרי תפילה חג מתאפיין באריכות חגיגיות מיוחד כולל ברכה
Top2Vec,Wiki:lemma_text,6,1396,תפוח דבש רימון שופר סמל חג יהודי ראש שנה מעגל חג ישראלי בסדר כרונולוגי החיל תשרי וידאו ברכה ראש שנה גרמנייה שנה יום התחיל עשרה יום תשובה לכן מאחל שנה כתב פסוק תחתית מתייחס ארבעה מין אוחז חג סוכה ראה תמונה חג ישראל מועד חג מועד יהודי קיים זמן חג מועד נקבע פה לוח עברי הגדרה נכנס יום רב חלק תורה חלק נקבע יד חז חלק נוסף שנה נתן חג מועד סוג קיים חג יום שמחה מועד יום צום תענית יום
Top2Vec,Wiki:lemma_text,6,15871,שביעי פסח יום שביעי אחרון חג פסח חל תאריך ניסן יום פה מסורת חז ארע קריעה ים סוף קיום בטרם יוצא מצרים מצווה קיים אחד שבעת יום פסח יום דבר שבו אסור עשייה מלאכה פרט מלאכת אוכל נפש שם חג כונה יום יום פסוק פותח שירה ים קריאה תורה יום קרא נקרא יום שביעי עצרת פה פסוק כינוי רווח יום חג שניים פסח כינוי דומה שניים פסח מופיע לוח שנה גניזה קהיר
Top2Vec,Wiki:lemma_text,7,15081,יוני אוגוסט רב אומן שחמט מוצא ארמני נולד טביליסי רפובליקה סוציאל סובייטי יום בירה גאורגיה נפטר מוסקבה אלוף עולם שחמט שנה חבר היכל תהילה עולמי שחמט שנה ראשון למד משחק שחמט גיל תווך צפייה משחק אב סיום מלחמה עולם שניים השתתף אליפות שחמט נוער נערך לנינגרד תחרות משמעותי ראשון זכה מקום ראשון שנה אלוף גאורגיה אלוף ברית מועצה נוער שנה זכה תואר אומן הצליח הגיע גמר אליפות ברית מועצה בוגר
Top2Vec,Wiki:lemma_text,7,11534,אולימפיאדת אולימפיאדת נערך מקסיקו סיטי מקום סה ארץ ברית ברית מועצה יפן מזרח גרמנייה אולימפיאדת חורף נערך צרפת מקום מדינה זהב סה אירח אופניים בג ירו איטליה ניצח אדי מרקס טור דה פראנס ניצח יאן בוואלטה אספניה ניצח אליפות עולם ניצח ויטוריו אתלטיקה אמריקאי ים היינס קובע אולימפיאדת מקסיקו זמן שנייה ריצה הופך אתלט ראשון שובר מחסום שנייה ריצה שיא עולמי החזיק מעמד שנה אמריקאי טומי סמית קובע אולימפיאדת מקסי
Top2Vec,Wiki:lemma_text,7,2051,שמואל פרידמן נולד אומן שחמט ברידג' קריירה ייצג ישראל ענף שחמט אולימפיאדת שחמט התקיים אולימפיאדת סטודנט אוסטריה פרידמן דרגה אומן בכיר חלק מקום שניים אליפות ישראל חילק פרס יופי תחרות בינלאומי משחק בו זכה לוחם חופש רב אומן פרידמן חבר נבחר לאומי ישראל ברידג' השתתף אליפות אירופה אומה אירלנד אליפות אירופה נבחר צעיר קופנהאגן שוודיה משחק שיחק נבחר לאומי ישראלי אליפות שוק משותף אתונה זכה פרס ביצוע יעיל יפה
Top2Vec,Wiki:lemma_text,8,18629,נרל מוטורס אנגלית קצר יצרנית רכב בינלאומי בסיס ארץ ברית חברה נוסד שנה יד ויליאם דוראנט מותג בולט בעלות חברה יתר קאדילק שברולט חטיבה פורק שנה חטיבה פורק שנה חלק מותג חברה נמכר נמצא תהליך מכירה מסגרת הליך פירוק יוני הגיש נרל מוטורס בקשה הליך פירוק פטר חוב הגיע סך מיליארד דולר אמריקני תוצאה חברה למעשה יד ממשלה ארץ ברית השקעה מיליארד דולר מהווה למעשה אחוז מניה חברה ממשלה ארץ ברית שנה
Top2Vec,Wiki:lemma_text,8,19500,רויאל פיליפס אלקטרוניקס הולנדי קצר פיליפס חברה הולנדי רב לאומי התמחה ייצור מוצר חשמל אלקטרוניקה מכשור רפואי תאורה נוסד יד אח הולנדי מוצא יהודי אנטון פיליפס חברה העסיק יום עובד מדינה ישראל מניה חברה נסחר מקביל בורסה אמסטרדם פרנקפורט בורסה ניו יורק מערך מחקר פיתוח חברה גדול מפותח פטנט שם נורה ליבון קלטת אודיו תקליטור שפופרת רנטגן היסטוריה חברה הוקם שנה בעיר איינדהובן הולנד שם שוכן מטה חברה יום שם רש
Top2Vec,Wiki:lemma_text,8,18051,שנה חברה ראשי מין גרמנייה סדרה מודל פיקה הב וו פרו קאר מהלך מרוץ מכונית גרמנייה פורמולה קבוצה וו תצוגה קונספט וו נהגה וה ראש תיבה מפעל מנוע גרמני יצרנית מכונית יוקרה אופנוע גרמני חברה הוקם מקור שנה יצרנית מנוע מטוס המשך התרחב תחום רכב חברה שולט יצרנית רכב בריטי מיני רולס רויס היסטוריה שנה ראשון שנה הקים קרל ראפ מפעל ייצור מנוע מטוס שם מפעל מוקם בעיר מין
Top2Vec,Wiki:lemma_text,9,8031,דגל גאנה אומץ שנה הוחלף גרסה שכלל פס לבן מרכז שנה דגל עוצב יד החליף דגל בריטניה קבלה עצמאות שנה מורכב צבע אפריקאי אתיופיה אדום צהוב ירוק פס אופקי כוכב שחור בעל חמישה קודקוד מרכז פס זהוב דגל גאנה ראשון אפריקה צבע אדום מסמל דם נפל מאבק עצמאות זהב מסמל עושר מקצב מדינה ירוק יער טבע עשיר מדינה התברך כוכב שחור מסמל עיקרון מנחה חופש אפריקני ראה קישור חיצוני
Top2Vec,Wiki:lemma_text,9,12744,דגל אומץ ספטמבר זמן מדינה בריטי המשיך שימש דגל מדינה קיבל מדינה עצמאות ינואר מרכז דגל מופיע סמל רקע צהוב רקע נחתך יד קו אלכסוני לבן שחור סמל מורכב סמל אסלאמי לווה סמל מלוכה שניים כפפה שנה צד סהר נמצא סרט כתוב ערבית מדינה משכן שלום תמיד שירות הדרכה דרום מזרח צהוב מסמל אופן מסורתי מלוכה דגל מלכותי מלזיה תאילנד דגל נשיאותי בעל רקע צהוב דגל דגל מדינה ריבוני בעל
Top2Vec,Wiki:lemma_text,9,7698,פורטוגל מתנוסס אחד מגדל טירה סאו רז דגל פורטוגל מלבן יחס צבע ירוק אדום מחולק אנכי חלק ירוק צד תורן אורך דגל אדום צד שני מרכז קו חלוקה נמצא סמל מורכב ספירה מגן פורטוגלי מסורתי דגל אומץ רשמי יוני שימוש מהפכה רפובליקאי אוקטובר משמעות דגל דגל משמעות רב מהלך הארט נובו תקופה משטר לאומני נמשך שנה מהפכה ציפורן שנה ירוק סימל יער פורטוגל אדום סימל דם מת שירות אומה הסבר קובל יום
Top2Vec,Wiki:lemma_text,10,19654,כלכלה סוריה חולק ענף עיקרי מועסק עובד מגזר שירות מועסק חקלאות תעשייה חלק מרכזי יצוא מתבסס נפט טרם מלחמה אזרח תמ עמד שנה מיליארד דולר קרי דולר נפש תוצר נמוך יחס מדינה מזרח תיכון ממשלה סורי אחוז אבטלה עמד שנה מקור דיפלומטי זר אחוז אבטלה כפול מלחמה אזרח פרצה שנה גרם נזק אדיר כלכלה סורי גורם התרסקות מטבע מקומי עלייה רב יקר מחיה עלייה תופעה כלכלי חברתי קיבוץ נדבה זנות הימלטות חלק
Top2Vec,Wiki:lemma_text,10,1661,כלכלה אחד כלכלה חופשית יציב עולם מדיניות ארוך טווח סודי בנקאי מתגאה הפך מדינה מועדף השקיע יצור כלכלה נשען במידה רב זרם קבוע השקעה זר גודל פיזי קטן כוח עבודה בעל התמחות גבוה עומד רשות תעשייה סחר מפתח כלכלה השיג אחד הכנסה גבוה נפש עולם מקביל שיעור אבטלה נמוך גירעון נמוך שנה כלכלה רביעית גודל ארץ מערב אירופה בעלה אוכלוסייה מיליון נפש מונח תוצר לאומי גולמי נפש אירלנד דנמרק עשירית מונח כוח קנייה נפש
Top2Vec,Wiki:lemma_text,10,1815,כלכלה ישראל כלכלה שוק עורב ממשלה חלק משמעותי צד מגזר פרטי פותח כולל תעשייה משגשג ענף שירות מגזר תעשייה מרכזי כולל תעשייה טק תעשייה ביטחוני תיירות עיבוד מתכת תעשייה כימיקלים מכשור רפואי תעשייה יהלום ישראל ענייה יחסי משאב טבע לכן תלוי יבוא מוצר חומר גלם נפט פחם מזון תלות הצטמצם מאה גילוי מאגר גז טבעי גדול ים תיכון החיל אמצע שנה שמנה כלכלה ישראל תמורה ממשק סוציאליסטי ריכוזי מגזר רחב נטל מס גדול כלכלה
Top2Vec,Wiki:lemma_text,11,20145,משכנתה כתיב מיושן משכנתה ריבוי משכן משכנתה אחד שישה סוג זכות מקרקעין משמעות שעבוד נדל יד בעל זכות בעלות הבטיח זכות נרשם משכנתה הבטיח החזר הלוואה ניתן בעל נכס שוק משכנתה ענף פעיל שוק פיננסים בו מתמודד ספק הלוואה בנק חברה ביטוח חברה פרטי לקוח לווה יתרון עיקרי שעבוד נכס משכנתה גודל סכום אדם פרטי נכס מהווה בטוח החזר הלוואה יתרון פריסה ארוך שנה מתאפשר הלוואה מגובה משכנתה מתאפשר לווה רכישה נכס מגור
Top2Vec,Wiki:lemma_text,11,7741,כלכלה אשראי הלוואה ניתן אדם חברה יד מוסד פיננסי תמורה התחייבות הלווה השיב הלוואה תוספת ריבית כעבור זמן קצר לרוב חודש שיעור קרדיט לרוב מהלך חודש הלוואה אשראי ניתן לרוב תמורה עירבון ישיר חיסכון נעול גובה עקיף שניים נטילה הלוואה אשראי נעשה תווך יצירה חוב מוסד פיננסי לרוב רישום חובה חשבון לווה מוסד פיננסי דוגמה מינוס בנק מיצוי מכסה מוקצה נוטל הלוואה אשראי מוסד אשראי מודרני גדל בד בד התרחבות ייצור תעשי
Top2Vec,Wiki:lemma_text,11,23034,חוזה עתידי הכשיר פיננסי נסחר בורסה בורסה נייר ערך בורסה סחורה חוזה עתידי התחייבות סיפק רכש נכס כלשהו סחורה מטבע חוץ נייר ערך מועד עתידי מחיר שער חליפין מקרה מטבע חוץ נקבע מראש תשלום מתבצע מועד מסיר נכס סחורה שימוש חוזה עתידי מאפשר שנה צד הבטיח הוצאה הכנסה כספית ברור ידוע מבלי התחשב גורם חיצוני צמצם סיכון כרוך מסחר צמצום סיכון גורר מקביל צמצום סיכוי רווח חוזה עתידי קיים סיכון אחד צד עמד התחייבות זמ
Top2Vec,Wiki:lemma_text,12,20297,אסייתי סורבה צרפתית מאכל קפוא נעשה מרסק פרי חומר גלם נוסף סוג לאט הכיל חלב ופל גלידה דל הכיל אלכוהול הכנה נעשה מכונה מערבב חומר נכנס תערובת אוויר ייצר דחוס עשיר טעם העריך מקור איראן פרס עתיק סיני מנה נעשה דג מיץ מיץ פרי אגדה הומצא רומא דרישה נירון קיסר העביר שליח דלי מלא שלג אירוע שם שלג דבש יין הוכר יום הופיע
Top2Vec,Wiki:lemma_text,12,20253,לאט איטלקי מילולי קפוא קינוח גלידה איטלקי בעל אפיין ייחודי טעם מרק מרכיב איטלקי מונח לאט מתאר סוג גלידה מחוץ מתייחס קינוח קפוא גלידה מערכה מכונה מכין לאט מכניס לתוך לאט כמות אפסי אוויר לכן לאט דחוס בעל טעם עז דומה טעם גלידה שמנת חלב הרכיב מרק בסיס לאט מים חלב חלב שילוב סוכר ממתיק מלאכותי חומר טעם טבעי לאט איכותי מתאפיין שימוש פרי טרי שבב שוקולד אגוז עוגייה ממתק עשוי מים בלבד
Top2Vec,Wiki:lemma_text,12,20295,שוקולד טבעוני רוסי אנגלית ממתק עשיר מאוד לרוב טעם שוקולד יוצר יד חלב חמאה סוכר דרגה נוקשות נמוך תערובת מחומם מעלה צלזיוס תערובת זמן צינון קיבל מרק חלק פריך נתן הוסיף שוקולד תערובת קיבל טעם שוקולד הומצא ארץ ברית מאה שנה מקור מדויק עדיין שנוי מחלוקת פה סיפור תוצאה ממתק קרמל הוכן לכן נקרא ממתק אנגלית אחד תיעוד ראשון נמצא מכתב נכתב יד
Top2Vec,Wiki:lemma_text,13,18607,עיצור עיצור מופק תווך זרימה אוויר ערוץ צר נוצר מיקום אמצע הגייה סמיכות גדול זרם אוויר יוצר צליל חיכוך משפחה עיצור חולק עיצור שורק עיצור בל שורק מופיע טבלה שנה עיצור משבצת עיצור ימני קול שמאלי אטום קיצוני אחוריים בינוני קדמי שפה סדק כיסוי גרון לוע ענבל חכי מכתש חכי כפוף בתר מכתש מכתש שן שפה שן דו שפה שורק בל שורק בל שורק צד
Top2Vec,Wiki:lemma_text,13,18639,עיצור עיצור מופק חסימה זרם אוויר חלל פה שחרור איטי תווך הפקה צליל חיכוך למעשה שנה עיצור נוהג עיצור אחד ראשון סותם שני הבחנה רצף עיצור סותם עיצור עיצור עיצור סותם שחרור אוויר הגייה סותם אילו עיצור חלק סותם חסר שחרור אוויר עצם דוגמה תשואה צואה מופיע טבלה שנה עיצור משבצת ימני קול שמאלי אטום קדמי מכתש חכי כפוף בתר מכתש מכתש שן עיצור שורק צידי עיצור
Top2Vec,Wiki:lemma_text,13,18873,עיצור עיצור נחתך לוע נוסף בסיס חיתוך ראשי הגייה עיצור התכווצות שריר לוע מעין הגייה מקביל הגייה עיצור סימן עיצור אלפבית פונטי בינלאומי רישום סימן שאלה מוקטן מימן סימן עיצור בסיסי דוגמה גרסה ערבי השתמש הגייה ארבעה עיצור בא אות ייצג עיצור מכתש אטום אות ייצג עיצור מכתש סותם קול אות ייצג עיצור מכתש סותם אטום אות ייצג עיצור מכתש קול עיצור שן
Top2Vec,Wiki:lemma_text,14,10502,רוסי המנון לאומי מדינה תשיעי גודל שטח עולם מוקם מרכז המנון התקבל יום ינואר החליף המנון מדינה נקרא פשטות המנון רפובליקה מילה נכתב יד נשיא בסיס מילה שיר קיים שנה נכתב יד יון נז המנון הולחן יד שמש עברי רשמי העתיק כתב לטיני טורקי הותאם רוסי רשמי שמש זהב מרום זרע זהב ערבה אגדה גבורה הסתכל ארצי קדום תהילה נולד גאה חזק בן
Top2Vec,Wiki:lemma_text,14,17010,מילה בולגרי מולדת יקרה המנון לאומי נכתב הולחן יצא נלחם מלחמה סרביה בולגריה שיר התקבל המנון בית אחרון אירוע רשמי שנה שימש שיר גועש המנון לאומי בולגריה נעשה שימוש שיר הריע רפובליקה שיר יקרה ארץ גיבור המנון לאומי מילה שיר תרגום העתיק בולגרי גאון פסגה הבלקן רגל שטף כחול שמש עוול מאיר
Top2Vec,Wiki:lemma_text,14,22705,עתיק חופשייה שוודי המנון לאומי שוודיה המנון חובר שנה יד מלחין שוודי לחן עממי שנה נוסף המנון שנה בית אחרון יד לואיס אלן בית לרוב מושמע נגינה המנון שיר מעמד חוק רשמי המנון שימש המנון כוח מסורת מוטיב מרכזי המנון פנייה צפון תווך ציון סגולה נעלה לחן מילה המנון תרגום העתיק עברי שוודי עתיק חופשייה צפון הררי שקט יופי מלא שמחה בירך ארץ יפהפה פן אדמה
Top2Vec,Wiki:lemma_text,15,10932,פרס אומנות מדע תרבות פרס מוענק ישראל די שנה שנה פרס סך מיליון דולר חולק זוכה ממומן יד קרן קידום מדע תרבות אומנות ישראל הוקם צורך עניין יד אגודה ידיד ישראל אמריקה לטיני קרן יזם ייסד אלברטו נס ראש תיבה שם תחילה ביקש נשאר אנונימי פרס ניתן חסות ראש ממשלה ישראל חמישה תחום תרבות אומנות מדע מדע חי מדע רוח מדע חברה פרס מוענק פה תחום משנה מתחלף מחזוריות די שנה קריטריון זכייה פרס מבוסס הצטיינות הישג מקצועי 
Top2Vec,Wiki:lemma_text,15,339,פרס טיורינג אנגלית פרס לאומי תחום מדע מחשב ניתן יד בגין הישג יוצא דופן תחום מדע מחשב תחום שקול פרס בחינה יוקרה פרס נובל מוענק תחום מתמטיקה מדע מחשב פרס קרוי שם אלן טיורינג מתמטיקאי בריטי נחשב אב מדע מחשב תאורטי בינה מלאכותי פרס ניתן די שנה החיל שנה שנה חולק זוכה פרס כסף דולר מומן יד חברה אינטל גוגל החיל שנה גובה פרס מיליון דולר מימון חברה גוגל ארבעה שנה ראשון נמנה גבר מקבל פרס שנה ניתן
Top2Vec,Wiki:lemma_text,15,2683,פרס נובל כימיה מוענק די שנה החיל שנה איש תרומה ייחודי ביצע מחקר יוצא דופן תחום כימיה פרס מוענק יד אקדמיה מלכותי שוודי מדע שנה שמונה פעם שבו פרס חולק פעם ניתן בו זמני שנה זוכה פעם שבו ניתן שלושה זוכה שנה זוכה פרס בן אדם פרס שמונה אישה שישה ישראלי זוכה פרס מאה עשרה אחד סך זוכה יהודי חתן פרס נובל כימיה מוענק ואן ואן אוניברסיטה ברלין
Top2Vec,Wiki:lemma_text,16,17092,קרול שם פרטי נפוץ גרסה בצור שונה רב ארץ שם ניתן אציל מלך רב ארץ אירופה מקור שם גרמני עתיק משמע אדם חופשי שם משפחה יהודי קרול מקור מילה משמע מלך הערה שוליים קטגוריה שם משפחה קטגוריה שם משפחה מבוסס שם קרל
Top2Vec,Wiki:lemma_text,16,12423,מנדל שם אירופי נפוץ יהדות אשכנז פירוש שקד עקר שם משפחה מנדל קיצור חיבה שם ניחם עקר שם פרטי מנדל שם קיצור מילה ניחם צורה הקטנה דל קישור חיצוני קטגוריה שם פרטי גבר קטגוריה שם משפחה אשכנזי קטגוריה שם משפחה גרמני קטגוריה שם משפחה מבוסס שם ניחם
Top2Vec,Wiki:lemma_text,16,16781,רוטשילד שם משפחה מקור גרמני משמעות מגן סמל אדום דרום מערב גרמנייה שכיח שם משפחה פה סימון ציור בית משל הפך שלט אדום שם קטגוריה שם משפחה קטגוריה שם משפחה אשכנזי
Top2Vec,Wiki:lemma_text,17,12612,ציור פירוש משנה רב מסכת פרק משנה דפוס וילנה מסכת מסכת שניים בסדר טהרה סדר שישי אחרון שישה סדר משנה מסכת שמונה עשרה פרק דן דין טומאה מת דין טומאה אוהל מת פרט כאן שם סוף פרק ראשון מסכת נמצא משנה ידוע מונה רמ איבר גוף אדם נושא מסכת נגע מסכת נחשב נושא עמוק קשה הבנה יד תלמוד בבלי ירושלמי מסכת שנה תלמוד עסק משנה מסכת מסגרת סוגיה רבי גרשון חנוך ליקט הובא מקור עוסק משנה
Top2Vec,Wiki:lemma_text,17,10715,עין יעקב מסכת חגיגה דפוס ראם מסכת חגיגה מסכת אחרון בסדר מועד ובה שלושה פרק נושא עיקרי מסכת קורבן חגיגה מקריב שלושה רגל פסח שבוע סוכה כאן שם מסכת משנה תלמוד בבלי דף חלק ראשון מסכת עוסק דין מיוחד מצווה ראייה זמן עלייה רגל בית מקדש קרבן חייב יחיד הביא עלייה רגל עולה ראייה שלם חגיגה שלמי שמחה נושא חלק שני מסכת דין טומאה טהרה הואיל פה תורה שלושה רגל צורך הבאה קרבן פרק שני תלמוד בבלי מסכת כולל מדרש רב ע
Top2Vec,Wiki:lemma_text,17,12379,חשש ערלה ערלה מסכת ערלה מסכת עשירי בסדר זרע מסכת שלושה פרק עוסק פרט הלכה ערלה הלכה מסכת דיון הלכה תערובת ביטול איסור בסדר מופיע משנה בלבד נכתב תלמוד בבלי תלמוד ירושלמי תוספתא בלבד משנה מסכת שלושה פרק תוספתא פרק אחד מיקום מסכת בסדר זרע הקדמה הרמב משנה הסתיים דיון זרע מתנה מתנה נהוג זרע אילן הגיע תור דיון מצווה נהוג אילן בלבד מעשר לפיכך סודר מעשר סוף סדר טעם הפיכה מסכת
Top2Vec,Wiki:lemma_text,18,16116,פרשה משפט פרשה שבוע שישה ספר שמות חלוקה לפרקים התחיל מסתיים פרשה מפרט מצווה דין רב עקר קשור תחום משפטי מצווה רב אדם מקום מצווה המשך עשרה דיבר מצווה נזכר סוף פרשה פרשה יתר מהווה ספר ברית נכרת ברית בן ישראל סוף פרשה סופר מעמד כריתה ברית עלייה משה הר סיני קבלה תורה פרשה משפט נקרא תאריך שבט אדר שנה קביעות בא אדר שנה לבד שנה השא נקרא
Top2Vec,Wiki:lemma_text,18,17384,בן ישראל פרשה מדבר פרשה שבוע ראשון ספר מדבר התחיל ראש ספר מסתיים חלוקה פרק פרשה מדבר פסוק שלושה אורך פרשה תורה בחינה פסוק חולק פרשה מיקום פרשה פתוח סתום פרשה מצווה פרשה אחרון אחד אחרון נקרא מהלך ספירה עומר לרוב נקרא פרשה סמוך ראש חודש סיון תוכן פרשה פרשה עוסק עקר מניין מפקד בן ישראל שבט חודש שני אייר שנה שניים יציאה מצרים פירוט שם פוקד משה אהרון נשיא שבט פיקד גבר
Top2Vec,Wiki:lemma_text,18,17654,ברכה כוהן פרשה נשא נשוא פרשה שבוע שניים ספר מדבר חלוקה לפרקים התחיל מסתיים פרשה נשוא ארוך תורה מיעט פרשה חובר קע פסוק שבת נקרא פרשה נשוא תמיד שבת סמוך חג שבוע תוכן פרשה פרשה המשיך עניין נדון פרשה מדבר מניין פיקד רשימה פרשה הלכתי פרשה חלק רצף פרשה תחילה ספר מדבר עוסק הקמה מחנה ישראל הכנה נסיעה הר סיני ארץ ישראל המשך עיסוק שבט לוי תפקיד משפחה בן גרשון בן מניין חובה
Top2Vec,Wiki:lemma_text,19,8027,פוף הבשיל אורז אופייני מטבח מרכז איראן טורקי מרק מתובל מרק בשר שם יהודי נחשב מאכל לאומי אוזבקיסטן יהודי בוכרה מורכב חמישה הרכיב עיקרי דגן בשר ירק פרי יבש תבלין דגן אורז עגול חיטה חומוס תירס גרסה הודי אורז הוגש סיר קערה מגש מונח מרכז שולחן אחד סועד נוטל מנה צלחת ישיר יד מקור מילה כדור אורז שם מילה הודי שם
Top2Vec,Wiki:lemma_text,19,8029,קוריאנית פרי ים ספרדי הבשיל אורז מקור חבל ולנסיה ספרד אוכל יום ראשון חגיגה בנטו גרסה רב מנה הרכיב שונה מקור שם שם משמעות מחבת מנה הפך כה פופולרי ספרדי מילה הפך שם נרדף מחבת מוסיף ירק בשר פרי ים שלושה הרכיב עיקרי מנה אורז זעפרן שמן זית מסעדה ספרדי רשום תפריט לפעמים נתן קיבל יום ראשון דרוש לפחות שעה הכנה קישור חיצוני עוף טופו טופו אתר קטגוריה מאכל אורז קטגוריה מטבח ספרדי קטגוריה מאכל לאומי
Top2Vec,Wiki:lemma_text,19,9213,חנות מזון טורקי גרמנייה צבע אדום תוצאה תבלין ירק הוסף תבשיל בורגול מערבי העתיק מדויק רע מקראי מזון ים תיכוני עשוי גרגר חיטה מבושל נכבש שם עברי מקורי נזכר ספר שמואל מאכל נפוץ עשוי קובה מטוגן סוג דרה בורגול עדשה שמן סלט נעשה מושר מרוכך ליווי ירק עשב תיבול בורגול טחון דק נקרא ריש הלכה פסח נחשב חמץ בישול מים רב פוסק סבור איסור בישול עכו לכן גוף כשרות רב
Top2Vec,Wiki:lemma_text,20,14832,כתר מטבע נהוג מדינה אירופה מילה כתר תרגום עברי שם מטבע להלן רשימה מדינה מטבע נהוג יום שם מקומי מטבע כיה קורונה דנמרק איסלנד פארו שוודיה כתר שימוש אימפריה אוסטרו הונגרי התפרקות מלחמה עולם ראשון קראון שיטה שנה ערך כתר בריטי אחד שילינג פני שווי ארבעה לירה שטרלינג סלובקיה נהוג מטבע שם כתר ינואר הילך חוקי מדינה
Top2Vec,Wiki:lemma_text,20,11254,לירה שטרלינג ראש תיבה ליש אנגלית ראש תיבה קצר פאונד סלנג מטבע רשמי ממלכה מאוחד בריטניה גדול צפון אירלנד ליש התחלק פני מטבע רביעי הכי נסחר עולם דולר אמריקאי אירו ין יפני סימן קובל ליש סימון תקן נעשה שימוש סימון תקן סימן עיצוב מסוגנן אות מקור אות ראשון מילה ליברה חברה מלאה איחוד אירופי בריטניה רשאי הצטרף גוש אירו החליט אימץ אירו המשיך השתמש הילך חוק בנק
Top2Vec,Wiki:lemma_text,20,16889,ספרדית סימון תקן חוקי גואטמלה נקרא שם ציפור לאומי גואטמלה תרבות מאיה עתיק נוצה זנב ציפור שימש מטבע חולק נכנס שימוש שנה החליף פס שנה הוצמד דולר אמריקני סחר פנים גואטמלה מחזור קיים מטבע אחד שטר קיים מחזור קישור חיצוני עובדה מטבע הערה שוליים קטגוריה גואטמלה כלכלה קטגוריה מטבע קטגוריה מטבע אמריקה לטיני
Top2Vec,Wiki:lemma_text,21,2526,אירוע אפריל אסטרונאוט סובייטי יורי אדם ראשון חלל נולד טקסט פיקסל סוזאן בויל טקסט פיקסל סי היימן טקסט פיקסל בוי ג'ורג' ורג דיאנה נסיכה ויילס טקסט פיקסל ארז טל טקסט פיקסל ברק אובמה טקסט פיקסל סטיבן טקסט פיקסל ירמי קפלן נפטר לוח שנה קישור חיצוני
Top2Vec,Wiki:lemma_text,21,2534,אירוע בולט עולם סירס הופך מבנה גבוה עולם נפתח אופן רשמי מאי מגוון תמונה מלחמה יום כיפור נולד אביתר בנאי קובי מחט ליאור כלפון אביב גפן אורלי לוי אבקסיס הריק בנדו ראיין גיגס שלום דניאל סלומון נפטר יעקב דור פאבלו פיקאסו פיקסל ורוניקה לייק פיקסל ולטר טקסט פיקסל דוד בן גוריון לוח שנה קישור חיצוני
Top2Vec,Wiki:lemma_text,21,2516,אירוע נולד פיקסל מאיר אריאל סטיבן הוקינג מוחמד עלה אהוד ברק גאולה נוני האריסון פורד יום הנדריקס יורם ארבל פרנקלין פול מקרטני פיקסל ביידן נפטר אדית שטיין יאנוש קורצ אק אברהם שטרן האיר פנחס רוטנברג לוח שנה קישור חיצוני
Top2Vec,UGC:clean_text,0,2317,"להישאר בבית . כל המאמצים, אין דרך לנטרל וירוס. לצורך העניין בקפריסין יש חולים ! מדינה שכולה תיירות. אבל מי שחוזר מקפריסין אסור לו לצאת למסיבנ עם איש אבל ללכת לעבודה ולסופר כן... מי שמנהל את סיפור הקורונה בישראל נכשל כשלון ענק ההנחיות שלו לא עצרו התפשטות וכרגע יש ממב שמסתובבים חולים בישראל בכל מקום. מעל איש בבידוד ביתי ועוד אלפים שלא יודעים עליהם..... בקיצור בדיחה רעה ניהול כושל ! שר בריאות שלא מבי"
Top2Vec,UGC:clean_text,0,785,"בכל מקרה מכבי עולה לשלב הבא. מקום רביעי או חמישי זה לא משנה.. מתאונות נהרגים יותר ונפצעים אלפים, אז איפה השיקול דעת בכל ההנחיות המוגזמות האלה? אלא אם כן משרד הבריאות חושב שהמוות הוא בעיה ואז יש להפסיק מיד את הלידות כי מי שלא נולד לא מת!"
Top2Vec,UGC:clean_text,0,1810,"יהיה בסדר . צריך לעשות לכולם בדיקות דם לפני החזרה למקומות העבודה והלימודים..אם מישהו נדבק, להעבירו ישר לתל השומר לבידוד נוסף שלא תלוי בזמן לפחות חודש.החלמאות חוגגת בריבוע!!!משרד הבריאות מוציא הזהרות כאלו יש פה מגפה רצינית..מבקש לא להתקהל , אז מה זה בתה ס לא התקהלות??"
Top2Vec,UGC:clean_text,1,1840,"יישר כח ירון . תודה על קצת שפיות , פחות איומים ופחות הפחדות דוקטור. גם מחזקת את ידיו של בר סימן טוב. רואים שהוא דואג והוא נקלע למערכת בריאות קשה ללא משאבים.שיהיה בהצלחה גדולה לכולם . אמן"
Top2Vec,UGC:clean_text,1,2138,כשנולדים עשירים מקבלים אופי של עשיר . ג ורגינה ויובל אתם משפחה מקסימה. היוזמה המחשבה ההתמדה והרצון הטוב שלך לסייע במצב של משבר מרגיש לי כמו שליחה ציונית ועזרה הומניטרית את זן מיוחד שנקרא הון אנושי הלוואי וירבו כמותך. נהנתי לקרוא את הכתבה אחרי החדשות של היום את הדבר הכי מספק ממלא ומכיל ששימח את ליבי. חיזקי ואימצי עלי והצליחי!!!
Top2Vec,UGC:clean_text,1,1591,זה מעשה סימלי יפה מאד. רעיון חזק . כל הכבוד לביבי ושרה.מעשה יפה שמקרב בין לבבות בם אם הם אדישים או חוטאים !! אין על העם שלנו למרות כל הביקורות ולשון הרע שמפיצים כאן.יישר כוח ובריאות לכולנו.
Top2Vec,UGC:lemma_text,0,3391,קל כתב אפשרות מצב חירום טוחן ביבי ביבי חלאס איפה טייקון מחזיק הון מדינה יום תרומה שכר מנכ
Top2Vec,UGC:lemma_text,0,3392,קל כתב אפשרות מצב חירום טוחן ביבי ביבי חלאס איפה טייקון מחזיק הון מדינה יום תרומה שכר מנכ
Top2Vec,UGC:lemma_text,0,3738,האט טיסה רכבת ראש ממשלה שר חבר כנסת בא לימד זכות מצב עצם תפקיד עמד ציבור נאמר עושק אמיתי ציבור ישראל נאנק פרנסה ישב ספון בית קופה ריק מאיים חדשה בוקר די מספיק עייף ראוי אמון שבגד ציבור שלם עכשיו דוחף אצבע עין די
Top2Vec,UGC:lemma_text,1,3407,קשקוש יום פורסם ברצלונה הציע ניימאר רב קבוץ כדורגל מפסיד כסף הגיע זמן ניהל קבוצה אחוז הכנסה הולך שכר שחקן
Top2Vec,UGC:lemma_text,1,2558,מדהים ואו איזה הפתעה אירח משחק היורוליג נותר סיום עונה קהל שחקן הוטס עולם עיר מטוס פרטי השכיר הנהלה היורוליג התאמן שם שלושה שבוע התחיל משחק זמן נערך בדיקה קורונה שחקן שופט צוות נערך מוסקבה אתונה הצליח אימץ
Top2Vec,UGC:lemma_text,1,416,שחקן מוכן קיצץ שכר אלונה קבוצה המתין שנה שנה קיבל שוב גביע היסטוריה משקר חוזר עצם אליפות גביע חד
